Aquaman,/movies/?id=dcfilm0617.htm,2018
Escape Room,/movies/?id=escaperoom.htm,2019
Mary Poppins Returns,/movies/?id=disneyliveaction22018.htm,2018
Bumblebee,/movies/?id=transformers6.htm,2018
Spider-Man: Into The Spider-Verse,/movies/?id=animatedspider-man.htm,2018
The Mule,/movies/?id=themule.htm,2018
Vice,/movies/?id=dickcheneyfilm.htm,2018
Second Act,/movies/?id=secondact.htm,2018
Ralph Breaks the Internet,/movies/?id=wreckitralph2.htm,2018
Holmes and Watson,/movies/?id=holmeswatson.htm,2018
The Upside,/movies/?id=theupside.htm,2019
Aquaman,/movies/?id=dcfilm0617.htm,2018
A Dog's Way Home,/movies/?id=adogswayhome.htm,2019
Spider-Man: Into The Spider-Verse,/movies/?id=animatedspider-man.htm,2018
Escape Room,/movies/?id=escaperoom.htm,2019
Mary Poppins Returns,/movies/?id=disneyliveaction22018.htm,2018
Bumblebee,/movies/?id=transformers6.htm,2018
On the Basis of Sex,/movies/?id=onthebasisofsex.htm,2018
The Mule,/movies/?id=themule.htm,2018
Vice,/movies/?id=dickcheneyfilm.htm,2018
Glass,/movies/?id=universalevent2019.htm,2019
The Upside,/movies/?id=theupside.htm,2019
Aquaman,/movies/?id=dcfilm0617.htm,2018
Dragon Ball Super: Broly,/movies/?id=dragonballzbroly.htm,2019
Spider-Man: Into The Spider-Verse,/movies/?id=animatedspider-man.htm,2018
A Dog's Way Home,/movies/?id=adogswayhome.htm,2019
Escape Room,/movies/?id=escaperoom.htm,2019
Mary Poppins Returns,/movies/?id=disneyliveaction22018.htm,2018
Bumblebee,/movies/?id=transformers6.htm,2018
On the Basis of Sex,/movies/?id=onthebasisofsex.htm,2018
Glass,/movies/?id=universalevent2019.htm,2019
The Upside,/movies/?id=theupside.htm,2019
Aquaman,/movies/?id=dcfilm0617.htm,2018
The Kid Who Would be King,/movies/?id=kidwhowouldbeking.htm,2019
Spider-Man: Into The Spider-Verse,/movies/?id=animatedspider-man.htm,2018
Green Book,/movies/?id=greenbook.htm,2018
A Dog's Way Home,/movies/?id=adogswayhome.htm,2019
Serenity (2019),/movies/?id=serenity2018.htm,2019
Escape Room,/movies/?id=escaperoom.htm,2019
Mary Poppins Returns,/movies/?id=disneyliveaction22018.htm,2018
Glass,/movies/?id=universalevent2019.htm,2019
The Upside,/movies/?id=theupside.htm,2019
Miss Bala,/movies/?id=missbala.htm,2019
Aquaman,/movies/?id=dcfilm0617.htm,2018
Spider-Man: Into The Spider-Verse,/movies/?id=animatedspider-man.htm,2018
Green Book,/movies/?id=greenbook.htm,2018
The Kid Who Would be King,/movies/?id=kidwhowouldbeking.htm,2019
A Dog's Way Home,/movies/?id=adogswayhome.htm,2019
Escape Room,/movies/?id=escaperoom.htm,2019
They Shall Not Grow Old,/movies/?id=theyshallnotgrowold.htm,2018
The LEGO Movie 2: The Second Part,/movies/?id=warneranimated0518.htm,2019
What Men Want,/movies/?id=whatmenwant.htm,2019
Cold Pursuit,/movies/?id=hardpowder.htm,2019
The Upside,/movies/?id=theupside.htm,2019
Glass,/movies/?id=universalevent2019.htm,2019
The Prodigy,/movies/?id=theprodigy.htm,2019
Green Book,/movies/?id=greenbook.htm,2018
Aquaman,/movies/?id=dcfilm0617.htm,2018
Spider-Man: Into The Spider-Verse,/movies/?id=animatedspider-man.htm,2018
Miss Bala,/movies/?id=missbala.htm,2019
Alita: Battle Angel,/movies/?id=alita.htm,2019
The LEGO Movie 2: The Second Part,/movies/?id=warneranimated0518.htm,2019
Isn't It Romantic,/movies/?id=isntitromantic.htm,2019
What Men Want,/movies/?id=whatmenwant.htm,2019
Happy Death Day 2U,/movies/?id=untitledblum2019c.htm,2019
Cold Pursuit,/movies/?id=hardpowder.htm,2019
The Upside,/movies/?id=theupside.htm,2019
Glass,/movies/?id=universalevent2019.htm,2019
The Prodigy,/movies/?id=theprodigy.htm,2019
Green Book,/movies/?id=greenbook.htm,2018
How to Train Your Dragon: The Hidden World,/movies/?id=httyd3.htm,2019
Alita: Battle Angel,/movies/?id=alita.htm,2019
The LEGO Movie 2: The Second Part,/movies/?id=warneranimated0518.htm,2019
Fighting with My Family,/movies/?id=fightingwithmyfamily.htm,2019
Isn't It Romantic,/movies/?id=isntitromantic.htm,2019
What Men Want,/movies/?id=whatmenwant.htm,2019
Happy Death Day 2U,/movies/?id=untitledblum2019c.htm,2019
Cold Pursuit,/movies/?id=hardpowder.htm,2019
The Upside,/movies/?id=theupside.htm,2019
Run the Race,/movies/?id=runtherace.htm,2019
How to Train Your Dragon: The Hidden World,/movies/?id=httyd3.htm,2019
Tyler Perry's A Madea Family Funeral,/movies/?id=tylerperrysamadeafamilyfuneral.htm,2019
Alita: Battle Angel,/movies/?id=alita.htm,2019
The LEGO Movie 2: The Second Part,/movies/?id=warneranimated0518.htm,2019
Fighting with My Family,/movies/?id=fightingwithmyfamily.htm,2019
Green Book,/movies/?id=greenbook.htm,2018
Isn't It Romantic,/movies/?id=isntitromantic.htm,2019
Greta,/movies/?id=greta.htm,2019
What Men Want,/movies/?id=whatmenwant.htm,2019
Happy Death Day 2U,/movies/?id=untitledblum2019c.htm,2019
Captain Marvel ,/movies/?id=marvel2018a.htm,2019
How to Train Your Dragon: The Hidden World,/movies/?id=httyd3.htm,2019
Tyler Perry's A Madea Family Funeral,/movies/?id=tylerperrysamadeafamilyfuneral.htm,2019
The LEGO Movie 2: The Second Part,/movies/?id=warneranimated0518.htm,2019
Alita: Battle Angel,/movies/?id=alita.htm,2019
Green Book,/movies/?id=greenbook.htm,2018
Isn't It Romantic,/movies/?id=isntitromantic.htm,2019
Greta,/movies/?id=greta.htm,2019
Fighting with My Family,/movies/?id=fightingwithmyfamily.htm,2019
Apollo 11,/movies/?id=apollo11.htm,2019
Captain Marvel ,/movies/?id=marvel2018a.htm,2019
Wonder Park,/movies/?id=amusementpark.htm,2019
Five Feet Apart,/movies/?id=fivefeetapart.htm,2019
How to Train Your Dragon: The Hidden World,/movies/?id=httyd3.htm,2019
Tyler Perry's A Madea Family Funeral,/movies/?id=tylerperrysamadeafamilyfuneral.htm,2019
No Manches Frida 2,/movies/?id=nomanchesfrida2.htm,2019
Captive State,/movies/?id=captivestate.htm,2019
The LEGO Movie 2: The Second Part,/movies/?id=warneranimated0518.htm,2019
Alita: Battle Angel,/movies/?id=alita.htm,2019
Green Book,/movies/?id=greenbook.htm,2018
Us,/movies/?id=untitledjordanpeele.htm,2019
Captain Marvel ,/movies/?id=marvel2018a.htm,2019
Wonder Park,/movies/?id=amusementpark.htm,2019
Five Feet Apart,/movies/?id=fivefeetapart.htm,2019
How to Train Your Dragon: The Hidden World,/movies/?id=httyd3.htm,2019
Tyler Perry's A Madea Family Funeral,/movies/?id=tylerperrysamadeafamilyfuneral.htm,2019
No Manches Frida 2,/movies/?id=nomanchesfrida2.htm,2019
Gloria Bell,/movies/?id=gloriabell.htm,2019
The LEGO Movie 2: The Second Part,/movies/?id=warneranimated0518.htm,2019
Alita: Battle Angel,/movies/?id=alita.htm,2019
Dumbo (2019),/movies/?id=untitleddisneyfairytalela.htm,2019
Us,/movies/?id=untitledjordanpeele.htm,2019
Captain Marvel ,/movies/?id=marvel2018a.htm,2019
Unplanned,/movies/?id=unplanned.htm,2019
Five Feet Apart,/movies/?id=fivefeetapart.htm,2019
Wonder Park,/movies/?id=amusementpark.htm,2019
How to Train Your Dragon: The Hidden World,/movies/?id=httyd3.htm,2019
Hotel Mumbai,/movies/?id=hotelmumbai.htm,2019
Tyler Perry's A Madea Family Funeral,/movies/?id=tylerperrysamadeafamilyfuneral.htm,2019
The Beach Bum,/movies/?id=thebeachbum.htm,2019
Shazam!,/movies/?id=untitledmovieiv.htm,2019
Pet Sematary (2019),/movies/?id=petsematary2019.htm,2019
Dumbo (2019),/movies/?id=untitleddisneyfairytalela.htm,2019
Us,/movies/?id=untitledjordanpeele.htm,2019
Captain Marvel ,/movies/?id=marvel2018a.htm,2019
The Best of Enemies,/movies/?id=thebestofenemies2019.htm,2019
Five Feet Apart,/movies/?id=fivefeetapart.htm,2019
Unplanned,/movies/?id=unplanned.htm,2019
Wonder Park,/movies/?id=amusementpark.htm,2019
How to Train Your Dragon: The Hidden World,/movies/?id=httyd3.htm,2019
Shazam!,/movies/?id=untitledmovieiv.htm,2019
Little,/movies/?id=little19.htm,2019
Hellboy (2019),/movies/?id=hellboy2019.htm,2019
Pet Sematary (2019),/movies/?id=petsematary2019.htm,2019
Dumbo (2019),/movies/?id=untitleddisneyfairytalela.htm,2019
Captain Marvel ,/movies/?id=marvel2018a.htm,2019
Us,/movies/?id=untitledjordanpeele.htm,2019
After (2019),/movies/?id=after2019.htm,2019
Missing Link,/movies/?id=laika2018.htm,2019
The Best of Enemies,/movies/?id=thebestofenemies2019.htm,2019
The Curse of La Llorona ,/movies/?id=untitlednewline.htm,2019
Shazam!,/movies/?id=untitledmovieiv.htm,2019
Breakthrough,/movies/?id=breakthrough.htm,2019
Captain Marvel ,/movies/?id=marvel2018a.htm,2019
Little,/movies/?id=little19.htm,2019
Dumbo (2019),/movies/?id=untitleddisneyfairytalela.htm,2019
Pet Sematary (2019),/movies/?id=petsematary2019.htm,2019
Us,/movies/?id=untitledjordanpeele.htm,2019
Missing Link,/movies/?id=laika2018.htm,2019
Hellboy (2019),/movies/?id=hellboy2019.htm,2019
Avengers: Endgame,/movies/?id=marvel2019.htm,2019
Captain Marvel ,/movies/?id=marvel2018a.htm,2019
The Curse of La Llorona ,/movies/?id=untitlednewline.htm,2019
Breakthrough,/movies/?id=breakthrough.htm,2019
Shazam!,/movies/?id=untitledmovieiv.htm,2019
Dumbo (2019),/movies/?id=untitleddisneyfairytalela.htm,2019
Little,/movies/?id=little19.htm,2019
Pet Sematary (2019),/movies/?id=petsematary2019.htm,2019
Us,/movies/?id=untitledjordanpeele.htm,2019
Penguins (Disneynature),/movies/?id=penguinsdisneynature.htm,2019
Avengers: Endgame,/movies/?id=marvel2019.htm,2019
The Intruder (2019),/movies/?id=theintruder2019.htm,2019
Long Shot,/movies/?id=flarsky.htm,2019
Uglydolls,/movies/?id=uglydolls.htm,2019
Captain Marvel ,/movies/?id=marvel2018a.htm,2019
Breakthrough,/movies/?id=breakthrough.htm,2019
The Curse of La Llorona ,/movies/?id=untitlednewline.htm,2019
Shazam!,/movies/?id=untitledmovieiv.htm,2019
Dumbo (2019),/movies/?id=untitleddisneyfairytalela.htm,2019
Little,/movies/?id=little19.htm,2019
